feature,mean_abs_shap
volatility_20,0.09427071781266964
macro_nifty,0.06932931390708687
macro_banknifty,0.058118090427004915
turnover_cr_proxy,0.04714391019067919
macro_usd_inr,0.04292099450667246
macro_vix_ret20,0.034844657183903775
atr_pct_14,0.03447424114575535
macro_crude_ret5,0.033349222074032035
macro_gold,0.03324394311245651
macro_gold_ret20,0.03193040224672828
macro_usd_inr_vol20,0.029728421955690615
obv,0.028879221561336037
volume_z_60,0.027730096828462805
macro_usd_inr_z60,0.027092951134880045
macro_nifty_ret5,0.02677407039112974
macro_vix,0.026300938136010595
ret_60_xs_rank,0.02570252253613077
macro_gold_vol20,0.024767614864707105
macro_gold_z60,0.02418013666367474
macro_gold_ret5,0.022640163811930427
delivery_per,0.021494025111688672
volatility_20_xs_rank,0.020976432827445542
turnover_lacs,0.02094899173238283
macro_vix_vol20,0.020832815774254547
sma_ratio_200,0.020525414957671864
range_pct,0.01978373290317256
calendar_weekofyear,0.0194094398553233
macro_vix_z60,0.01922875364279116
volatility_10,0.019211058903542674
macro_crude_z60,0.01895037923189927
delivery_z20,0.01878126365392548
sector_dispersion,0.01867980066525592
macro_banknifty_ret5,0.018648102593798
macro_banknifty_z60,0.018126974797123743
macro_nifty_ret20,0.017919636059596348
macd,0.017067600643373718
atr_pct_14_xs_rank,0.01621565295205744
ret_1,0.01565039012583859
days_to_month_end,0.015610584852701424
fracdiff_0.5,0.015455388639604994
volatility_60_xs_rank,0.015257932809708457
fracdiff_0.3,0.015165752788397631
ret_20_minus_sector,0.014944748672283575
trades_z20,0.014465190708250567
macro_crude_ret20,0.014114282682129243
macro_banknifty_vol20,0.01406162367016078
relative_volume_20,0.013939204211727564
bb_width,0.01389859666341716
bb_position_xs_rank,0.013313930012690494
macro_nifty_z60,0.012685797694336474
macro_crude_vol20,0.012675938640618722
macro_vix_ret5,0.012500474005548982
macro_usd_inr_ret20,0.012315811535437518
bb_position,0.012197928349566185
calendar_dayofweek,0.012139250584003175
macd_signal,0.012116081250937919
obv_z20_xs_rank,0.011944458282997547
macro_nifty_vol20,0.01176296320734965
ret_3,0.011451655696310925
volume_z_20,0.011441272868583234
ret_20_minus_group,0.011092944019783182
ret_20_xs_rank,0.010994964417952797
ret_5_minus_sector,0.010942352549399055
ema_ratio_50,0.0106190902816933
calendar_month_sin,0.010334861556473623
macro_banknifty_ret20,0.010304267875550598
ret_60,0.01026303331603332
turnover_proxy_z20,0.010034626359285516
rsi_14,0.009978740184635881
volatility_60,0.00993426362273158
group_dispersion,0.0097735804630937
ret_10,0.009749658318476535
ret_5,0.009738965462740884
body_pct,0.009590784861194758
macd_hist,0.00958069915285599
obv_z20,0.009538247233133148
relative_volume_60,0.009436348160405061
relative_volume_20_xs_rank,0.009372545522365338
ret_20,0.00935774954536821
sector_xs_rank,0.009321935754595733
macro_crude,0.009305230114268632
gap_pct,0.009142413507553506
sma_ratio_20,0.008363929285382331
ret_5_xs_rank,0.008229740473158251
macro_usd_inr_ret5,0.00789108802913995
volume_z_20_xs_rank,0.007797236097136287
ret_5_minus_group,0.007555598338502352
ema_ratio_10,0.007466305085180989
no_trades,0.0073681175710265815
volatility_5,0.00733193640649483
relative_volume_5,0.007124596557759658
rsi_14_xs_rank,0.006878838666300742
asset_ret20_relative_to_self,0.006868799400729952
ema_ratio_20,0.00672342300614221
sma_ratio_100,0.006686033402221389
asset_minus_nifty_ret20,0.006423375996043446
sma_ratio_5,0.006188186329058087
macd_hist_xs_rank,0.00600175791942836
sma_ratio_50,0.005942437342338892
expiry_week_flag,0.005641257268217798
volume_z_5,0.00556360175921774
sma_ratio_10,0.00536810102159881
calendar_month_cos,0.004922955082835055
turnover_z20,0.004917497216302866
earnings_season_proxy,0.004100662060120388
calendar_month,0.00318770324833054
momentum_1,0.003181261052260819
momentum_20_xs_rank,0.0030056109182656143
vix_change_5d,0.002851096684239924
group_xs_rank,0.002654154761667222
momentum_60,0.0019031671269052553
fiscal_year,0.0017670808299361477
momentum_3,0.0017066460539044727
momentum_20,0.0015394893732509018
momentum_10,0.0014867297962011966
momentum_5,0.0013907156799017933
regime_bull,0.0008177760745683227
fiscal_quarter,0.0006740724124188768
calendar_quarter_sin,0.0006013142732234782
vix_regime_high,0.0003221598230620811
calendar_quarter,0.0002877278488501624
calendar_quarter_cos,0.0002863196241438691
is_quarter_end,0.0001697346329943952
is_month_start,5.1793447504619424e-05
lock_proxy,0.0
delivery_available,0.0
is_month_end,0.0
news_finbert_score_mean,0.0
news_count,0.0
news_relevance_mean,0.0
news_headline_length_mean,0.0
news_sources,0.0
news_sentiment_mean,0.0
news_sentiment_std,0.0
news_positive,0.0
news_negative,0.0
